,precision,recall,f1-score,support
0,0.9392254956457291,0.9633219308247815,0.9511211183037809,5262.0
1,0.9623561536961186,0.9376662865830483,0.9498508037347194,5262.0
