,precision,recall,f1-score,support
Toxic,0.9032580737353529,0.9009407069555302,0.9020979020979021,7016.0
Non-Toxic,0.9011941996019335,0.9035062713797035,0.9023487544483986,7016.0
accuracy,0.9022234891676169,0.9022234891676169,0.9022234891676169,0.9022234891676169
macro avg,0.9022261366686433,0.9022234891676169,0.9022233282731503,14032.0
weighted avg,0.9022261366686433,0.9022234891676169,0.9022233282731503,14032.0
