Model,CV_Accuracy,CV_Accuracy_Std,CV_F1_Macro,CV_F1_Macro_Std,CV_ROC_AUC,CV_ROC_AUC_Std
Logistic Regression (TF-IDF),0.9257728285077951,0.0018951855359393983,0.9257053280910605,0.0018988844366806244,0.9792791692841141,0.0015377529438988695
Linear SVM (TF-IDF),0.9324721603563475,0.0009561805159910243,0.9324491002100503,0.0009570153621153818,0.9799343025475811,0.00107667199625771
Naive Bayes (TF-IDF),0.9038574610244989,0.0019602348385888446,0.9038566025029023,0.001960789987705125,0.9652342007449107,0.0015913477214756823
