,precision,recall,f1-score,support
Non-Toxic,0.9472836432859862,0.9220353477765109,0.9344889851932106,7016.0
Toxic,0.9240594196862418,0.9486887115165337,0.9362121105562979,7016.0
accuracy,0.9353620296465223,0.9353620296465223,0.9353620296465223,0.9353620296465223
macro avg,0.935671531486114,0.9353620296465223,0.9353505478747542,14032.0
weighted avg,0.935671531486114,0.9353620296465223,0.9353505478747542,14032.0
