,precision,recall,f1-score,support
Non-Toxic,0.9535515005278239,0.9012257696693272,0.9266505459075255,7016.0
Toxic,0.9063640048642075,0.9561003420752565,0.9305680793507665,7016.0
accuracy,0.9286630558722919,0.9286630558722919,0.9286630558722919,0.9286630558722919
macro avg,0.9299577526960157,0.9286630558722919,0.9286093126291459,14032.0
weighted avg,0.9299577526960158,0.9286630558722919,0.9286093126291459,14032.0
