Model,CV_Accuracy,CV_Accuracy_Std,CV_F1_Macro,CV_F1_Macro_Std,CV_ROC_AUC,CV_ROC_AUC_Std
Logistic Regression (Embeddings),0.908899777282851,0.001316075567937264,0.9088894135965873,0.0013162118242890004,0.9707188434241406,0.0008475115549625223
