,precision,recall,f1-score,support
Toxic,0.9174364896073903,0.9059293044469784,0.9116465863453815,7016.0
Non-Toxic,0.9070945945945946,0.9184720638540479,0.9127478753541076,7016.0
accuracy,0.9122006841505131,0.9122006841505131,0.9122006841505131,0.9122006841505131
macro avg,0.9122655421009924,0.9122006841505131,0.9121972308497446,14032.0
weighted avg,0.9122655421009925,0.9122006841505131,0.9121972308497446,14032.0
